{
  "world": {
    "phone": 0.0010284646,
    "tablet": 0.0024992145,

    "germany": {
      "phone": 0.0010284646,
      "tablet": 0.0024992145
    },

    "switzerland": {
      "phone": 0.0010250434,
      "tablet": 0.0024909007
    },

    "austria": {
      "phone": 0.0010284646,
      "tablet": 0.0024992145
    },

    "liechtenstein": {
      "phone": 0.0010284646,
      "tablet": 0.0024909007
    }
  }
}